wavelength_nm,irradiance_w_m2_nm
350.000000,2.790390730
351.000000,2.793670177
352.000000,2.796941280
353.000000,2.800204039
354.000000,2.803458691
355.000000,2.806704521
356.000000,2.809942007
357.000000,2.813170671
358.000000,2.816390514
359.000000,2.819601297
360.000000,2.822803020
361.000000,2.825995684
362.000000,2.829179049
363.000000,2.832352877
364.000000,2.835517168
365.000000,2.838671923
366.000000,2.841816902
367.000000,2.844952106
368.000000,2.848077297
369.000000,2.851192236
370.000000,2.854297161
371.000000,2.857391834
372.000000,2.860475779
373.000000,2.863549471
374.000000,2.866612434
375.000000,2.869664669
376.000000,2.872705936
377.000000,2.875736237
378.000000,2.878755569
379.000000,2.881763458
380.000000,2.884760380
381.000000,2.887745619
382.000000,2.890719414
383.000000,2.893681526
384.000000,2.896631718
385.000000,2.899570227
386.000000,2.902496815
387.000000,2.905411243
388.000000,2.908313513
389.000000,2.911203384
390.000000,2.914080858
391.000000,2.916945934
392.000000,2.919798374
393.000000,2.922637939
394.000000,2.925464869
395.000000,2.928278685
396.000000,2.931079388
397.000000,2.933866978
398.000000,2.936641455
399.000000,2.939402342
400.000000,2.942149878
401.000000,2.944883823
402.000000,2.947603941
403.000000,2.950310469
404.000000,2.953002930
405.000000,2.955681562
406.000000,2.958345890
407.000000,2.960996151
408.000000,2.963632107
409.000000,2.966253519
410.000000,2.968860388
411.000000,2.971452713
412.000000,2.974030256
413.000000,2.976593018
414.000000,2.979140759
415.000000,2.981673717
416.000000,2.984191418
417.000000,2.986693621
418.000000,2.989180803
419.000000,2.991652489
420.000000,2.994108677
421.000000,2.996549129
422.000000,2.998973846
423.000000,3.001382828
424.000000,3.003775835
425.000000,3.006152868
426.000000,3.008513927
427.000000,3.010858536
428.000000,3.013186932
429.000000,3.015498877
430.000000,3.017794371
431.000000,3.020073414
432.000000,3.022335529
433.000000,3.024580956
434.000000,3.026809692
435.000000,3.029021263
436.000000,3.031215906
437.000000,3.033393145
438.000000,3.035553455
439.000000,3.037696362
440.000000,3.039821625
441.000000,3.041929483
442.000000,3.044019938
443.000000,3.046092510
444.000000,3.048147440
445.000000,3.050184488
446.000000,3.052203417
447.000000,3.054204464
448.000000,3.056187391
449.000000,3.058151960
450.000000,3.060098410
451.000000,3.062026501
452.000000,3.063935995
453.000000,3.065827131
454.000000,3.067699432
455.000000,3.069553137
456.000000,3.071388006
457.000000,3.073204041
458.000000,3.075001001
459.000000,3.076779127
460.000000,3.078537941
461.000000,3.080277681
462.000000,3.081998110
463.000000,3.083699226
464.000000,3.085380793
465.000000,3.087043047
466.000000,3.088685513
467.000000,3.090308428
468.000000,3.091911554
469.000000,3.093494892
470.000000,3.095058441
471.000000,3.096601963
472.000000,3.098125458
473.000000,3.099628925
474.000000,3.101112127
475.000000,3.102575302
476.000000,3.104017973
477.000000,3.105440140
478.000000,3.106842041
479.000000,3.108223438
480.000000,3.109584332
481.000000,3.110924244
482.000000,3.112243652
483.000000,3.113542318
484.000000,3.114820004
485.000000,3.116076946
486.000000,3.117312908
487.000000,3.118527651
488.000000,3.119721413
489.000000,3.120893955
490.000000,3.122045279
491.000000,3.123175383
492.000000,3.124284029
493.000000,3.125371218
494.000000,3.126437187
495.000000,3.127481461
496.000000,3.128504276
497.000000,3.129505396
498.000000,3.130484581
499.000000,3.131442308
500.000000,3.132378101
501.000000,3.133292198
502.000000,3.134184361
503.000000,3.135054350
504.000000,3.135902405
505.000000,3.136728525
506.000000,3.137532473
507.000000,3.138314247
508.000000,3.139073849
509.000000,3.139811039
510.000000,3.140526056
511.000000,3.141218662
512.000000,3.141889095
513.000000,3.142536879
514.000000,3.143162012
515.000000,3.143764973
516.000000,3.144345045
517.000000,3.144902706
518.000000,3.145437479
519.000000,3.145949841
520.000000,3.146439314
521.000000,3.146905899
522.000000,3.147349834
523.000000,3.147770882
524.000000,3.148169041
525.000000,3.148544073
526.000000,3.148896456
527.000000,3.149225712
528.000000,3.149531841
529.000000,3.149815083
530.000000,3.150074959
531.000000,3.150311947
532.000000,3.150525570
533.000000,3.150716066
534.000000,3.150883436
535.000000,3.151027441
536.000000,3.151148319
537.000000,3.151245832
538.000000,3.151319742
539.000000,3.151370525
540.000000,3.151397943
541.000000,3.151401997
542.000000,3.151382446
543.000000,3.151339531
544.000000,3.151273251
545.000000,3.151183367
546.000000,3.151069880
547.000000,3.150932789
548.000000,3.150772333
549.000000,3.150588274
550.000000,3.150380611
551.000000,3.150149345
552.000000,3.149894238
553.000000,3.149615765
554.000000,3.149313450
555.000000,3.148987532
556.000000,3.148638010
557.000000,3.148264885
558.000000,3.147867680
559.000000,3.147447109
560.000000,3.147002697
561.000000,3.146534443
562.000000,3.146042585
563.000000,3.145526886
564.000000,3.144987583
565.000000,3.144424438
566.000000,3.143837452
567.000000,3.143226624
568.000000,3.142592192
569.000000,3.141933918
570.000000,3.141251802
571.000000,3.140546083
572.000000,3.139816523
573.000000,3.139063120
574.000000,3.138285875
575.000000,3.137485027
576.000000,3.136660337
577.000000,3.135811806
578.000000,3.134939432
579.000000,3.134043455
580.000000,3.133123636
581.000000,3.132180214
582.000000,3.131212950
583.000000,3.130222082
584.000000,3.129207373
585.000000,3.128168821
586.000000,3.127106667
587.000000,3.126020908
588.000000,3.124911308
589.000000,3.123778105
590.000000,3.122621298
591.000000,3.121440887
592.000000,3.120236874
593.000000,3.119009018
594.000000,3.117757797
595.000000,3.116482973
596.000000,3.115184546
597.000000,3.113862514
598.000000,3.112517118
599.000000,3.111148119
600.000000,3.109755754
601.000000,3.108339787
602.000000,3.106900454
603.000000,3.105437756
604.000000,3.103951693
605.000000,3.102442026
606.000000,3.100909233
607.000000,3.099353075
608.000000,3.097773790
609.000000,3.096171141
610.000000,3.094545126
611.000000,3.092896223
612.000000,3.091223955
613.000000,3.089528561
614.000000,3.087810040
615.000000,3.086068630
616.000000,3.084304094
617.000000,3.082516432
618.000000,3.080705881
619.000000,3.078872442
620.000000,3.077016115
621.000000,3.075136900
622.000000,3.073234797
623.000000,3.071310043
624.000000,3.069362402
625.000000,3.067392111
626.000000,3.065399170
627.000000,3.063383579
628.000000,3.061345339
629.000000,3.059284687
630.000000,3.057201385
631.000000,3.055095911
632.000000,3.052967787
633.000000,3.050817251
634.000000,3.048644543
635.000000,3.046449661
636.000000,3.044232368
637.000000,3.041992903
638.000000,3.039731264
639.000000,3.037447691
640.000000,3.035141945
641.000000,3.032814264
642.000000,3.030464888
643.000000,3.028093338
644.000000,3.025700092
645.000000,3.023284912
646.000000,3.020848274
647.000000,3.018389702
648.000000,3.015909672
649.000000,3.013408184
650.000000,3.010885000
651.000000,3.008340359
652.000000,3.005774498
653.000000,3.003187418
654.000000,3.000578880
655.000000,2.997949123
656.000000,2.995298147
657.000000,2.992626190
658.000000,2.989933252
659.000000,2.987219334
660.000000,2.984484434
661.000000,2.981728792
662.000000,2.978952408
663.000000,2.976155281
664.000000,2.973337412
665.000000,2.970499039
666.000000,2.967640162
667.000000,2.964760780
668.000000,2.961861134
669.000000,2.958940983
670.000000,2.956000805
671.000000,2.953040361
672.000000,2.950059652
673.000000,2.947059155
674.000000,2.944038630
675.000000,2.940998077
676.000000,2.937937975
677.000000,2.934857845
678.000000,2.931758165
679.000000,2.928638935
680.000000,2.925500154
681.000000,2.922341824
682.000000,2.919164181
683.000000,2.915967226
684.000000,2.912750959
685.000000,2.909515619
686.000000,2.906261206
687.000000,2.902987719
688.000000,2.899695396
689.000000,2.896384239
690.000000,2.893054247
691.000000,2.889705658
692.000000,2.886338472
693.000000,2.882952690
694.000000,2.879548550
695.000000,2.876126051
696.000000,2.872685194
697.000000,2.869226217
698.000000,2.865748882
699.000000,2.862253904
700.000000,2.858740568
701.000000,2.855209589
702.000000,2.851660967
703.000000,2.848094463
704.000000,2.844510317
705.000000,2.840908766
706.000000,2.837289810
707.000000,2.833653450
708.000000,2.829999685
709.000000,2.826328993
710.000000,2.822641134
711.000000,2.818936110
712.000000,2.815214396
713.000000,2.811475754
714.000000,2.807720423
715.000000,2.803948402
716.000000,2.800159693
717.000000,2.796354771
718.000000,2.792533398
719.000000,2.788695574
720.000000,2.784841776
721.000000,2.780971766
722.000000,2.777085781
723.000000,2.773183823
724.000000,2.769266129
725.000000,2.765332937
726.000000,2.761383772
727.000000,2.757419109
728.000000,2.753439188
729.000000,2.749443769
730.000000,2.745433092
731.000000,2.741407394
732.000000,2.737366438
733.000000,2.733310699
734.000000,2.729239941
735.000000,2.725154400
736.000000,2.721054316
737.000000,2.716939688
738.000000,2.712810516
739.000000,2.708666801
740.000000,2.704509020
741.000000,2.700336933
742.000000,2.696150780
743.000000,2.691950560
744.000000,2.687736511
745.000000,2.683508635
746.000000,2.679267168
747.000000,2.675012112
748.000000,2.670743465
749.000000,2.666461468
750.000000,2.662166119
751.000000,2.657857656
752.000000,2.653536081
753.000000,2.649201393
754.000000,2.644854069
755.000000,2.640493631
756.000000,2.636120796
757.000000,2.631735086
758.000000,2.627337217
759.000000,2.622926712
760.000000,2.618504047
761.000000,2.614069223
762.000000,2.609622240
763.000000,2.605163336
764.000000,2.600692511
765.000000,2.596210003
766.000000,2.591715813
767.000000,2.587209940
768.000000,2.582692623
769.000000,2.578164101
770.000000,2.573624134
771.000000,2.569073200
772.000000,2.564511299
773.000000,2.559938192
774.000000,2.555354357
775.000000,2.550759792
776.000000,2.546154737
777.000000,2.541538954
778.000000,2.536912918
779.000000,2.532276630
780.000000,2.527629852
781.000000,2.522973061
782.000000,2.518306494
783.000000,2.513629913
784.000000,2.508943319
785.000000,2.504247427
786.000000,2.499541759
787.000000,2.494826555
788.000000,2.490102053
789.000000,2.485368252
790.000000,2.480625391
791.000000,2.475873232
792.000000,2.471112490
793.000000,2.466342688
794.000000,2.461564064
795.000000,2.456777096
796.000000,2.451981306
797.000000,2.447177172
798.000000,2.442364931
799.000000,2.437544346
800.000000,2.432715654
801.000000,2.427878857
802.000000,2.423034191
803.000000,2.418181896
804.000000,2.413321733
805.000000,2.408454180
806.000000,2.403578997
807.000000,2.398696423
808.000000,2.393806696
809.000000,2.388909817
810.000000,2.384006023
811.000000,2.379095078
812.000000,2.374177217
813.000000,2.369252682
814.000000,2.364321709
815.000000,2.359384060
816.000000,2.354439974
817.000000,2.349489450
818.000000,2.344532967
819.000000,2.339570284
820.000000,2.334601402
821.000000,2.329626799
822.000000,2.324646473
823.000000,2.319660425
824.000000,2.314668655
825.000000,2.309671402
826.000000,2.304668903
827.000000,2.299660921
828.000000,2.294647932
829.000000,2.289629936
830.000000,2.284606934
831.000000,2.279578924
832.000000,2.274546146
833.000000,2.269508839
834.000000,2.264467001
835.000000,2.259420633
836.000000,2.254369736
837.000000,2.249314785
838.000000,2.244255543
839.000000,2.239192486
840.000000,2.234125376
841.000000,2.229054451
842.000000,2.223979712
843.000000,2.218901157
844.000000,2.213819265
845.000000,2.208734035
846.000000,2.203645229
847.000000,2.198553324
848.000000,2.193458319
849.000000,2.188360214
850.000000,2.183259010
851.000000,2.178155184
852.000000,2.173048496
853.000000,2.167939186
854.000000,2.162827253
855.000000,2.157712936
856.000000,2.152596474
857.000000,2.147477627
858.000000,2.142356396
859.000000,2.137233257
860.000000,2.132108212
861.000000,2.126981258
862.000000,2.121852636
863.000000,2.116722345
864.000000,2.111590385
865.000000,2.106456995
866.000000,2.101322174
867.000000,2.096186161
868.000000,2.091048717
869.000000,2.085910559
870.000000,2.080771208
871.000000,2.075630903
872.000000,2.070489645
873.000000,2.065347910
874.000000,2.060205460
875.000000,2.055062532
876.000000,2.049919128
877.000000,2.044775486
878.000000,2.039631605
879.000000,2.034487247
880.000000,2.029343128
881.000000,2.024199009
882.000000,2.019054890
883.000000,2.013911009
884.000000,2.008767366
885.000000,2.003624201
886.000000,1.998481512
887.000000,1.993339419
888.000000,1.988197923
889.000000,1.983057141
890.000000,1.977917314
891.000000,1.972778320
892.000000,1.967640281
893.000000,1.962503433
894.000000,1.957367778
895.000000,1.952233315
896.000000,1.947100282
897.000000,1.941968679
898.000000,1.936838508
899.000000,1.931710124
900.000000,1.926583290
901.000000,1.921458364
902.000000,1.916335225
903.000000,1.911214113
904.000000,1.906094909
905.000000,1.900977969
906.000000,1.895863175
907.000000,1.890750647
908.000000,1.885640502
909.000000,1.880532861
910.000000,1.875427723
911.000000,1.870325208
912.000000,1.865225434
913.000000,1.860128403
914.000000,1.855034232
915.000000,1.849942923
916.000000,1.844854712
917.000000,1.839769602
918.000000,1.834687591
919.000000,1.829608917
920.000000,1.824533582
921.000000,1.819461584
922.000000,1.814393044
923.000000,1.809328198
924.000000,1.804266930
925.000000,1.799209356
926.000000,1.794155598
927.000000,1.789105654
928.000000,1.784059644
929.000000,1.779017687
930.000000,1.773979902
931.000000,1.768946171
932.000000,1.763916731
933.000000,1.758891582
934.000000,1.753870845
935.000000,1.748854518
936.000000,1.743842721
937.000000,1.738835454
938.000000,1.733832955
939.000000,1.728835106
940.000000,1.723842144
941.000000,1.718854070
942.000000,1.713870883
943.000000,1.708892703
944.000000,1.703919649
945.000000,1.698951721
946.000000,1.693988919
947.000000,1.689031482
948.000000,1.684079409
949.000000,1.679132819
950.000000,1.674191594
951.000000,1.669255972
952.000000,1.664325953
953.000000,1.659401536
954.000000,1.654482961
955.000000,1.649570107
956.000000,1.644663215
957.000000,1.639762163
958.000000,1.634867191
959.000000,1.629978180
960.000000,1.625095367
961.000000,1.620218635
962.000000,1.615348220
963.000000,1.610484123
964.000000,1.605626345
965.000000,1.600774884
966.000000,1.595929980
967.000000,1.591091633
968.000000,1.586259842
969.000000,1.581434727
970.000000,1.576616287
971.000000,1.571804643
972.000000,1.566999793
973.000000,1.562201738
974.000000,1.557410717
975.000000,1.552626610
976.000000,1.547849536
977.000000,1.543079615
978.000000,1.538316846
979.000000,1.533561230
980.000000,1.528812885
981.000000,1.524071813
982.000000,1.519338131
983.000000,1.514611840
984.000000,1.509892941
985.000000,1.505181670
986.000000,1.500477910
987.000000,1.495781660
988.000000,1.491093159
989.000000,1.486412406
990.000000,1.481739402
991.000000,1.477074146
992.000000,1.472416639
993.000000,1.467767119
994.000000,1.463125587
995.000000,1.458492041
996.000000,1.453866482
997.000000,1.449249029
998.000000,1.444639683
999.000000,1.440038443
1000.000000,1.435445428
1001.000000,1.430860758
1002.000000,1.426284313
1003.000000,1.421716213
1004.000000,1.417156577
1005.000000,1.412605286
1006.000000,1.408062458
1007.000000,1.403528214
1008.000000,1.399002433
1009.000000,1.394485235
1010.000000,1.389976740
1011.000000,1.385476828
1012.000000,1.380985618
1013.000000,1.376503229
1014.000000,1.372029543
1015.000000,1.367564797
1016.000000,1.363108754
1017.000000,1.358661652
1018.000000,1.354223490
1019.000000,1.349794269
1020.000000,1.345374107
1021.000000,1.340963006
1022.000000,1.336560845
1023.000000,1.332167864
1024.000000,1.327783942
1025.000000,1.323409319
1026.000000,1.319043756
1027.000000,1.314687610
1028.000000,1.310340524
1029.000000,1.306002855
1030.000000,1.301674485
1031.000000,1.297355533
1032.000000,1.293045878
1033.000000,1.288745642
1034.000000,1.284454942
1035.000000,1.280173659
1036.000000,1.275901914
1037.000000,1.271639585
1038.000000,1.267386913
1039.000000,1.263143897
1040.000000,1.258910418
1041.000000,1.254686594
1042.000000,1.250472426
1043.000000,1.246267915
1044.000000,1.242073178
1045.000000,1.237888217
1046.000000,1.233713031
1047.000000,1.229547501
1048.000000,1.225391984
1049.000000,1.221246123
1050.000000,1.217110276
1051.000000,1.212984204
1052.000000,1.208868146
1053.000000,1.204761982
1054.000000,1.200665712
1055.000000,1.196579456
1056.000000,1.192503214
1057.000000,1.188436985
1058.000000,1.184380770
1059.000000,1.180334568
1060.000000,1.176298499
1061.000000,1.172272444
1062.000000,1.168256521
1063.000000,1.164250851
1064.000000,1.160255194
1065.000000,1.156269789
1066.000000,1.152294517
1067.000000,1.148329377
1068.000000,1.144374490
1069.000000,1.140429854
1070.000000,1.136495471
1071.000000,1.132571340
1072.000000,1.128657460
1073.000000,1.124753952
1074.000000,1.120860577
1075.000000,1.116977692
1076.000000,1.113105059
1077.000000,1.109242678
1078.000000,1.105390787
1079.000000,1.101549149
1080.000000,1.097718000
1081.000000,1.093897223
1082.000000,1.090086818
1083.000000,1.086286783
1084.000000,1.082497120
1085.000000,1.078718066
1086.000000,1.074949265
1087.000000,1.071191072
1088.000000,1.067443252
1089.000000,1.063705921
1090.000000,1.059979081
1091.000000,1.056262612
1092.000000,1.052556753
1093.000000,1.048861384
1094.000000,1.045176506
1095.000000,1.041502118
1096.000000,1.037838221
1097.000000,1.034184933
1098.000000,1.030542135
1099.000000,1.026909828
1100.000000,1.023288131
1101.000000,1.019676924
1102.000000,1.016076326
1103.000000,1.012486219
1104.000000,1.008906722
1105.000000,1.005337715
1106.000000,1.001779318
1107.000000,0.998231471
1108.000000,0.994694233
1109.000000,0.991167545
1110.000000,0.987651408
1111.000000,0.984145880
1112.000000,0.980650902
1113.000000,0.977166533
1114.000000,0.973692715
1115.000000,0.970229447
1116.000000,0.966776788
1117.000000,0.963334739
1118.000000,0.959903240
1119.000000,0.956482291
1120.000000,0.953071952
1121.000000,0.949672222
1122.000000,0.946283042
1123.000000,0.942904413
1124.000000,0.939536333
1125.000000,0.936178863
1126.000000,0.932831943
1127.000000,0.929495573
1128.000000,0.926169753
1129.000000,0.922854543
1130.000000,0.919549823
1131.000000,0.916255653
1132.000000,0.912972093
1133.000000,0.909699023
1134.000000,0.906436443
1135.000000,0.903184474
1136.000000,0.899942994
1137.000000,0.896712005
1138.000000,0.893491566
1139.000000,0.890281618
1140.000000,0.887082160
1141.000000,0.883893192
1142.000000,0.880714715
1143.000000,0.877546728
1144.000000,0.874389231
1145.000000,0.871242166
1146.000000,0.868105531
1147.000000,0.864979386
1148.000000,0.861863673
1149.000000,0.858758390
1150.000000,0.855663538
1151.000000,0.852579057
1152.000000,0.849505007
1153.000000,0.846441388
1154.000000,0.843388140
1155.000000,0.840345204
1156.000000,0.837312698
1157.000000,0.834290504
1158.000000,0.831278682
1159.000000,0.828277230
1160.000000,0.825286031
1161.000000,0.822305143
1162.000000,0.819334626
1163.000000,0.816374362
1164.000000,0.813424349
1165.000000,0.810484588
1166.000000,0.807555139
1167.000000,0.804635882
1168.000000,0.801726878
1169.000000,0.798828065
1170.000000,0.795939505
1171.000000,0.793061078
1172.000000,0.790192842
1173.000000,0.787334800
1174.000000,0.784486890
1175.000000,0.781649053
1176.000000,0.778821409
1177.000000,0.776003838
1178.000000,0.773196399
1179.000000,0.770398974
1180.000000,0.767611623
1181.000000,0.764834344
1182.000000,0.762067080
1183.000000,0.759309828
1184.000000,0.756562591
1185.000000,0.753825366
1186.000000,0.751098037
1187.000000,0.748380721
1188.000000,0.745673299
1189.000000,0.742975831
1190.000000,0.740288258
1191.000000,0.737610579
1192.000000,0.734942734
1193.000000,0.732284784
1194.000000,0.729636669
1195.000000,0.726998329
1196.000000,0.724369824
1197.000000,0.721751094
1198.000000,0.719142139
1199.000000,0.716542900
1200.000000,0.713953435
1201.000000,0.711373627
1202.000000,0.708803594
1203.000000,0.706243157
1204.000000,0.703692377
1205.000000,0.701151311
1206.000000,0.698619783
1207.000000,0.696097910
1208.000000,0.693585575
1209.000000,0.691082835
1210.000000,0.688589633
1211.000000,0.686105907
1212.000000,0.683631718
1213.000000,0.681167006
1214.000000,0.678711772
1215.000000,0.676266015
1216.000000,0.673829615
1217.000000,0.671402633
1218.000000,0.668985069
1219.000000,0.666576803
1220.000000,0.664177954
1221.000000,0.661788344
1222.000000,0.659408092
1223.000000,0.657037079
1224.000000,0.654675364
1225.000000,0.652322888
1226.000000,0.649979591
1227.000000,0.647645533
1228.000000,0.645320594
1229.000000,0.643004835
1230.000000,0.640698195
1231.000000,0.638400674
1232.000000,0.636112273
1233.000000,0.633832872
1234.000000,0.631562531
1235.000000,0.629301250
1236.000000,0.627048910
1237.000000,0.624805570
1238.000000,0.622571230
1239.000000,0.620345771
1240.000000,0.618129253
1241.000000,0.615921557
1242.000000,0.613722801
1243.000000,0.611532807
1244.000000,0.609351695
1245.000000,0.607179344
1246.000000,0.605015814
1247.000000,0.602860987
1248.000000,0.600714922
1249.000000,0.598577499
1250.000000,0.596448839
1251.000000,0.594328761
1252.000000,0.592217386
1253.000000,0.590114594
1254.000000,0.588020325
1255.000000,0.585934699
1256.000000,0.583857596
1257.000000,0.581789017
1258.000000,0.579728901
1259.000000,0.577677250
1260.000000,0.575634062
1261.000000,0.573599279
1262.000000,0.571572900
1263.000000,0.569554925
1264.000000,0.567545235
1265.000000,0.565543950
1266.000000,0.563550889
1267.000000,0.561566174
1268.000000,0.559589684
1269.000000,0.557621419
1270.000000,0.555661321
1271.000000,0.553709447
1272.000000,0.551765740
1273.000000,0.549830139
1274.000000,0.547902644
1275.000000,0.545983255
1276.000000,0.544071853
1277.000000,0.542168558
1278.000000,0.540273249
1279.000000,0.538385928
1280.000000,0.536506534
1281.000000,0.534635127
1282.000000,0.532771587
1283.000000,0.530915976
1284.000000,0.529068172
1285.000000,0.527228236
1286.000000,0.525396109
1287.000000,0.523571789
1288.000000,0.521755219
1289.000000,0.519946337
1290.000000,0.518145204
1291.000000,0.516351759
1292.000000,0.514566004
1293.000000,0.512787819
1294.000000,0.511017323
1295.000000,0.509254336
1296.000000,0.507498980
1297.000000,0.505751133
1298.000000,0.504010797
1299.000000,0.502277911
1300.000000,0.500552535
1301.000000,0.498834580
1302.000000,0.497124046
1303.000000,0.495420903
1304.000000,0.493725121
1305.000000,0.492036670
1306.000000,0.490355521
1307.000000,0.488681674
1308.000000,0.487015069
1309.000000,0.485355735
1310.000000,0.483703583
1311.000000,0.482058644
1312.000000,0.480420828
1313.000000,0.478790194
1314.000000,0.477166653
1315.000000,0.475550205
1316.000000,0.473940790
1317.000000,0.472338438
1318.000000,0.470743090
1319.000000,0.469154745
1320.000000,0.467573345
1321.000000,0.465998888
1322.000000,0.464431345
1323.000000,0.462870687
1324.000000,0.461316884
1325.000000,0.459769934
1326.000000,0.458229780
1327.000000,0.456696421
1328.000000,0.455169827
1329.000000,0.453649968
1330.000000,0.452136815
1331.000000,0.450630367
1332.000000,0.449130565
1333.000000,0.447637409
1334.000000,0.446150869
1335.000000,0.444670916
1336.000000,0.443197519
1337.000000,0.441730678
1338.000000,0.440270334
1339.000000,0.438816488
1340.000000,0.437369138
1341.000000,0.435928196
1342.000000,0.434493661
1343.000000,0.433065534
1344.000000,0.431643784
1345.000000,0.430228353
1346.000000,0.428819269
1347.000000,0.427416474
1348.000000,0.426019937
1349.000000,0.424629658
1350.000000,0.423245579
1351.000000,0.421867698
1352.000000,0.420496017
1353.000000,0.419130445
1354.000000,0.417771041
1355.000000,0.416417718
1356.000000,0.415070444
1357.000000,0.413729250
1358.000000,0.412394077
1359.000000,0.411064923
1360.000000,0.409741729
1361.000000,0.408424497
1362.000000,0.407113194
1363.000000,0.405807823
1364.000000,0.404508293
1365.000000,0.403214663
1366.000000,0.401926845
1367.000000,0.400644839
1368.000000,0.399368614
1369.000000,0.398098171
1370.000000,0.396833479
1371.000000,0.395574480
1372.000000,0.394321203
1373.000000,0.393073589
1374.000000,0.391831607
1375.000000,0.390595257
1376.000000,0.389364511
1377.000000,0.388139337
1378.000000,0.386919737
1379.000000,0.385705650
1380.000000,0.384497076
1381.000000,0.383293986
1382.000000,0.382096350
1383.000000,0.380904168
1384.000000,0.379717380
1385.000000,0.378536016
1386.000000,0.377360016
1387.000000,0.376189351
1388.000000,0.375023991
1389.000000,0.373863965
1390.000000,0.372709215
1391.000000,0.371559709
1392.000000,0.370415449
1393.000000,0.369276375
1394.000000,0.368142515
1395.000000,0.367013812
1396.000000,0.365890265
1397.000000,0.364771843
1398.000000,0.363658488
1399.000000,0.362550229
1400.000000,0.361447036
1401.000000,0.360348880
1402.000000,0.359255731
1403.000000,0.358167559
1404.000000,0.357084364
1405.000000,0.356006086
1406.000000,0.354932755
1407.000000,0.353864342
1408.000000,0.352800786
1409.000000,0.351742089
1410.000000,0.350688249
1411.000000,0.349639207
1412.000000,0.348594964
1413.000000,0.347555488
1414.000000,0.346520782
1415.000000,0.345490783
1416.000000,0.344465494
1417.000000,0.343444914
1418.000000,0.342428982
1419.000000,0.341417700
1420.000000,0.340411037
1421.000000,0.339408994
1422.000000,0.338411510
1423.000000,0.337418586
1424.000000,0.336430222
1425.000000,0.335446388
1426.000000,0.334467024
1427.000000,0.333492160
1428.000000,0.332521737
1429.000000,0.331555754
1430.000000,0.330594212
1431.000000,0.329637021
1432.000000,0.328684241
1433.000000,0.327735811
1434.000000,0.326791734
1435.000000,0.325851947
1436.000000,0.324916482
1437.000000,0.323985279
1438.000000,0.323058307
1439.000000,0.322135597
1440.000000,0.321217120
1441.000000,0.320302814
1442.000000,0.319392681
1443.000000,0.318486720
1444.000000,0.317584902
1445.000000,0.316687196
1446.000000,0.315793574
1447.000000,0.314904064
1448.000000,0.314018577
1449.000000,0.313137174
1450.000000,0.312259763
1451.000000,0.311386347
1452.000000,0.310516953
1453.000000,0.309651494
1454.000000,0.308789968
1455.000000,0.307932407
1456.000000,0.307078719
1457.000000,0.306228966
1458.000000,0.305383027
1459.000000,0.304540992
1460.000000,0.303702772
1461.000000,0.302868366
1462.000000,0.302037746
1463.000000,0.301210910
1464.000000,0.300387830
1465.000000,0.299568504
1466.000000,0.298752904
1467.000000,0.297940999
1468.000000,0.297132790
1469.000000,0.296328247
1470.000000,0.295527369
1471.000000,0.294730127
1472.000000,0.293936491
1473.000000,0.293146431
1474.000000,0.292359978
1475.000000,0.291577101
1476.000000,0.290797740
1477.000000,0.290021926
1478.000000,0.289249629
1479.000000,0.288480818
1480.000000,0.287715465
1481.000000,0.286953598
1482.000000,0.286195159
1483.000000,0.285440147
1484.000000,0.284688562
1485.000000,0.283940345
1486.000000,0.283195525
1487.000000,0.282454044
1488.000000,0.281715900
1489.000000,0.280981094
1490.000000,0.280249596
1491.000000,0.279521376
1492.000000,0.278796464
1493.000000,0.278074771
1494.000000,0.277356356
1495.000000,0.276641130
1496.000000,0.275929153
1497.000000,0.275220335
1498.000000,0.274514705
1499.000000,0.273812264
1500.000000,0.273112923
1501.000000,0.272416741
1502.000000,0.271723688
1503.000000,0.271033704
1504.000000,0.270346820
1505.000000,0.269662976
1506.000000,0.268982202
1507.000000,0.268304467
1508.000000,0.267629743
1509.000000,0.266958028
1510.000000,0.266289294
1511.000000,0.265623569
1512.000000,0.264960766
1513.000000,0.264300913
1514.000000,0.263644010
1515.000000,0.262989998
1516.000000,0.262338877
1517.000000,0.261690676
1518.000000,0.261045307
1519.000000,0.260402828
1520.000000,0.259763151
1521.000000,0.259126335
1522.000000,0.258492321
1523.000000,0.257861078
1524.000000,0.257232636
1525.000000,0.256606966
1526.000000,0.255984038
1527.000000,0.255363852
1528.000000,0.254746407
1529.000000,0.254131645
1530.000000,0.253519595
1531.000000,0.252910227
1532.000000,0.252303511
1533.000000,0.251699477
1534.000000,0.251098067
1535.000000,0.250499278
1536.000000,0.249903113
1537.000000,0.249309540
1538.000000,0.248718560
1539.000000,0.248130158
1540.000000,0.247544304
1541.000000,0.246960998
1542.000000,0.246380225
1543.000000,0.245801970
1544.000000,0.245226219
1545.000000,0.244652957
1546.000000,0.244082183
1547.000000,0.243513867
1548.000000,0.242948011
1549.000000,0.242384598
1550.000000,0.241823614
1551.000000,0.241265029
1552.000000,0.240708858
1553.000000,0.240155071
1554.000000,0.239603668
1555.000000,0.239054620
1556.000000,0.238507926
1557.000000,0.237963572
1558.000000,0.237421542
1559.000000,0.236881837
1560.000000,0.236344427
1561.000000,0.235809296
1562.000000,0.235276461
1563.000000,0.234745875
1564.000000,0.234217554
1565.000000,0.233691469
1566.000000,0.233167619
1567.000000,0.232645974
1568.000000,0.232126549
1569.000000,0.231609300
1570.000000,0.231094256
1571.000000,0.230581358
1572.000000,0.230070636
1573.000000,0.229562059
1574.000000,0.229055613
1575.000000,0.228551283
1576.000000,0.228049085
1577.000000,0.227548972
1578.000000,0.227050960
1579.000000,0.226555020
1580.000000,0.226061150
1581.000000,0.225569338
1582.000000,0.225079566
1583.000000,0.224591836
1584.000000,0.224106118
1585.000000,0.223622426
1586.000000,0.223140731
1587.000000,0.222661018
1588.000000,0.222183302
1589.000000,0.221707538
1590.000000,0.221233740
1591.000000,0.220761895
1592.000000,0.220291987
1593.000000,0.219824001
1594.000000,0.219357923
1595.000000,0.218893766
1596.000000,0.218431503
1597.000000,0.217971116
1598.000000,0.217512622
1599.000000,0.217055976
1600.000000,0.216601193
1601.000000,0.216148257
1602.000000,0.215697140
1603.000000,0.215247869
1604.000000,0.214800403
1605.000000,0.214354739
1606.000000,0.213910878
1607.000000,0.213468790
1608.000000,0.213028491
1609.000000,0.212589949
1610.000000,0.212153181
1611.000000,0.211718142
1612.000000,0.211284846
1613.000000,0.210853279
1614.000000,0.210423425
1615.000000,0.209995285
1616.000000,0.209568843
1617.000000,0.209144086
1618.000000,0.208721012
1619.000000,0.208299607
1620.000000,0.207879871
1621.000000,0.207461789
1622.000000,0.207045361
1623.000000,0.206630558
1624.000000,0.206217378
1625.000000,0.205805808
1626.000000,0.205395862
1627.000000,0.204987511
1628.000000,0.204580754
1629.000000,0.204175577
1630.000000,0.203771979
1631.000000,0.203369930
1632.000000,0.202969447
1633.000000,0.202570513
1634.000000,0.202173129
1635.000000,0.201777264
1636.000000,0.201382920
1637.000000,0.200990081
1638.000000,0.200598761
1639.000000,0.200208947
1640.000000,0.199820608
1641.000000,0.199433744
1642.000000,0.199048370
1643.000000,0.198664457
1644.000000,0.198281989
1645.000000,0.197900981
1646.000000,0.197521403
1647.000000,0.197143272
1648.000000,0.196766555
1649.000000,0.196391255
1650.000000,0.196017370
1651.000000,0.195644885
1652.000000,0.195273787
1653.000000,0.194904074
1654.000000,0.194535747
1655.000000,0.194168791
1656.000000,0.193803191
1657.000000,0.193438947
1658.000000,0.193076059
1659.000000,0.192714512
1660.000000,0.192354292
1661.000000,0.191995397
1662.000000,0.191637829
1663.000000,0.191281557
1664.000000,0.190926597
1665.000000,0.190572932
1666.000000,0.190220565
1667.000000,0.189869478
1668.000000,0.189519659
1669.000000,0.189171106
1670.000000,0.188823834
1671.000000,0.188477799
1672.000000,0.188133016
1673.000000,0.187789470
1674.000000,0.187447160
1675.000000,0.187106073
1676.000000,0.186766207
1677.000000,0.186427563
1678.000000,0.186090112
1679.000000,0.185753882
1680.000000,0.185418829
1681.000000,0.185084969
1682.000000,0.184752285
1683.000000,0.184420764
1684.000000,0.184090421
1685.000000,0.183761239
1686.000000,0.183433220
1687.000000,0.183106333
1688.000000,0.182780594
1689.000000,0.182456002
1690.000000,0.182132527
1691.000000,0.181810170
1692.000000,0.181488931
1693.000000,0.181168810
1694.000000,0.180849791
1695.000000,0.180531859
1696.000000,0.180215031
1697.000000,0.179899290
1698.000000,0.179584622
1699.000000,0.179271042
1700.000000,0.178958520
1701.000000,0.178647056
1702.000000,0.178336650
1703.000000,0.178027302
1704.000000,0.177718982
1705.000000,0.177411720
1706.000000,0.177105486
1707.000000,0.176800281
1708.000000,0.176496089
1709.000000,0.176192924
1710.000000,0.175890759
1711.000000,0.175589606
1712.000000,0.175289452
1713.000000,0.174990281
1714.000000,0.174692109
1715.000000,0.174394920
1716.000000,0.174098715
1717.000000,0.173803478
1718.000000,0.173509210
1719.000000,0.173215896
1720.000000,0.172923550
1721.000000,0.172632143
1722.000000,0.172341689
1723.000000,0.172052175
1724.000000,0.171763584
1725.000000,0.171475947
1726.000000,0.171189219
1727.000000,0.170903414
1728.000000,0.170618519
1729.000000,0.170334548
1730.000000,0.170051470
1731.000000,0.169769302
1732.000000,0.169488028
1733.000000,0.169207647
1734.000000,0.168928146
1735.000000,0.168649524
1736.000000,0.168371782
1737.000000,0.168094903
1738.000000,0.167818904
1739.000000,0.167543754
1740.000000,0.167269468
1741.000000,0.166996047
1742.000000,0.166723460
1743.000000,0.166451707
1744.000000,0.166180804
1745.000000,0.165910736
1746.000000,0.165641502
1747.000000,0.165373072
1748.000000,0.165105477
1749.000000,0.164838701
1750.000000,0.164572731
1751.000000,0.164307579
1752.000000,0.164043218
1753.000000,0.163779661
1754.000000,0.163516894
1755.000000,0.163254917
1756.000000,0.162993729
1757.000000,0.162733316
1758.000000,0.162473693
1759.000000,0.162214831
1760.000000,0.161956742
1761.000000,0.161699414
1762.000000,0.161442861
1763.000000,0.161187053
1764.000000,0.160931990
1765.000000,0.160677686
1766.000000,0.160424128
1767.000000,0.160171300
1768.000000,0.159919217
1769.000000,0.159667864
1770.000000,0.159417242
1771.000000,0.159167349
1772.000000,0.158918157
1773.000000,0.158669695
1774.000000,0.158421949
1775.000000,0.158174917
1776.000000,0.157928571
1777.000000,0.157682940
1778.000000,0.157438010
1779.000000,0.157193765
1780.000000,0.156950220
1781.000000,0.156707361
1782.000000,0.156465173
1783.000000,0.156223670
1784.000000,0.155982852
1785.000000,0.155742690
1786.000000,0.155503213
1787.000000,0.155264392
1788.000000,0.155026242
1789.000000,0.154788747
1790.000000,0.154551893
1791.000000,0.154315710
1792.000000,0.154080167
1793.000000,0.153845266
1794.000000,0.153611004
1795.000000,0.153377384
1796.000000,0.153144404
1797.000000,0.152912050
1798.000000,0.152680323
1799.000000,0.152449220
1800.000000,0.152218729
1801.000000,0.151988879
1802.000000,0.151759624
1803.000000,0.151530996
1804.000000,0.151302963
1805.000000,0.151075542
1806.000000,0.150848716
1807.000000,0.150622502
1808.000000,0.150396869
1809.000000,0.150171831
1810.000000,0.149947390
1811.000000,0.149723545
1812.000000,0.149500266
1813.000000,0.149277568
1814.000000,0.149055451
1815.000000,0.148833916
1816.000000,0.148612946
1817.000000,0.148392558
1818.000000,0.148172721
1819.000000,0.147953451
1820.000000,0.147734731
1821.000000,0.147516578
1822.000000,0.147298992
1823.000000,0.147081941
1824.000000,0.146865442
1825.000000,0.146649480
1826.000000,0.146434084
1827.000000,0.146219209
1828.000000,0.146004871
1829.000000,0.145791084
1830.000000,0.145577818
1831.000000,0.145365074
1832.000000,0.145152867
1833.000000,0.144941196
1834.000000,0.144730031
1835.000000,0.144519389
1836.000000,0.144309253
1837.000000,0.144099653
1838.000000,0.143890545
1839.000000,0.143681958
1840.000000,0.143473864
1841.000000,0.143266276
1842.000000,0.143059194
1843.000000,0.142852619
1844.000000,0.142646536
1845.000000,0.142440930
1846.000000,0.142235830
1847.000000,0.142031223
1848.000000,0.141827092
1849.000000,0.141623452
1850.000000,0.141420290
1851.000000,0.141217604
1852.000000,0.141015396
1853.000000,0.140813664
1854.000000,0.140612409
1855.000000,0.140411615
1856.000000,0.140211299
1857.000000,0.140011445
1858.000000,0.139812052
1859.000000,0.139613122
1860.000000,0.139414653
1861.000000,0.139216632
1862.000000,0.139019072
1863.000000,0.138821959
1864.000000,0.138625294
1865.000000,0.138429075
1866.000000,0.138233319
1867.000000,0.138037995
1868.000000,0.137843102
1869.000000,0.137648657
1870.000000,0.137454659
1871.000000,0.137261078
1872.000000,0.137067944
1873.000000,0.136875227
1874.000000,0.136682957
1875.000000,0.136491105
1876.000000,0.136299670
1877.000000,0.136108667
1878.000000,0.135918081
1879.000000,0.135727912
1880.000000,0.135538161
1881.000000,0.135348827
1882.000000,0.135159910
1883.000000,0.134971395
1884.000000,0.134783298
1885.000000,0.134595603
1886.000000,0.134408310
1887.000000,0.134221420
1888.000000,0.134034947
1889.000000,0.133848861
1890.000000,0.133663163
1891.000000,0.133477882
1892.000000,0.133292973
1893.000000,0.133108482
1894.000000,0.132924363
1895.000000,0.132740632
1896.000000,0.132557303
1897.000000,0.132374346
1898.000000,0.132191777
1899.000000,0.132009581
1900.000000,0.131827772
1901.000000,0.131646350
1902.000000,0.131465301
1903.000000,0.131284624
1904.000000,0.131104305
1905.000000,0.130924374
1906.000000,0.130744815
1907.000000,0.130565614
1908.000000,0.130386785
1909.000000,0.130208328
1910.000000,0.130030230
1911.000000,0.129852489
1912.000000,0.129675105
1913.000000,0.129498094
1914.000000,0.129321426
1915.000000,0.129145116
1916.000000,0.128969163
1917.000000,0.128793567
1918.000000,0.128618315
1919.000000,0.128443420
1920.000000,0.128268868
1921.000000,0.128094658
1922.000000,0.127920792
1923.000000,0.127747267
1924.000000,0.127574101
1925.000000,0.127401263
1926.000000,0.127228767
1927.000000,0.127056599
1928.000000,0.126884773
1929.000000,0.126713291
1930.000000,0.126542136
1931.000000,0.126371309
1932.000000,0.126200810
1933.000000,0.126030639
1934.000000,0.125860810
1935.000000,0.125691295
1936.000000,0.125522107
1937.000000,0.125353247
1938.000000,0.125184700
1939.000000,0.125016481
1940.000000,0.124848574
1941.000000,0.124680996
1942.000000,0.124513730
1943.000000,0.124346778
1944.000000,0.124180138
1945.000000,0.124013811
1946.000000,0.123847805
1947.000000,0.123682097
1948.000000,0.123516709
1949.000000,0.123351619
1950.000000,0.123186842
1951.000000,0.123022370
1952.000000,0.122858196
1953.000000,0.122694336
1954.000000,0.122530766
1955.000000,0.122367509
1956.000000,0.122204542
1957.000000,0.122041874
1958.000000,0.121879503
1959.000000,0.121717431
1960.000000,0.121555649
1961.000000,0.121394165
1962.000000,0.121232972
1963.000000,0.121072069
1964.000000,0.120911457
1965.000000,0.120751135
1966.000000,0.120591097
1967.000000,0.120431349
1968.000000,0.120271884
1969.000000,0.120112702
1970.000000,0.119953804
1971.000000,0.119795196
1972.000000,0.119636863
1973.000000,0.119478807
1974.000000,0.119321033
1975.000000,0.119163536
1976.000000,0.119006321
1977.000000,0.118849374
1978.000000,0.118692711
1979.000000,0.118536316
1980.000000,0.118380196
1981.000000,0.118224345
1982.000000,0.118068762
1983.000000,0.117913455
1984.000000,0.117758416
1985.000000,0.117603645
1986.000000,0.117449135
1987.000000,0.117294893
1988.000000,0.117140919
1989.000000,0.116987206
1990.000000,0.116833761
1991.000000,0.116680570
1992.000000,0.116527647
1993.000000,0.116374984
1994.000000,0.116222575
1995.000000,0.116070427
1996.000000,0.115918532
1997.000000,0.115766898
1998.000000,0.115615517
1999.000000,0.115464397
2000.000000,0.115313523
2001.000000,0.115162902
2002.000000,0.115012541
2003.000000,0.114862420
2004.000000,0.114712559
2005.000000,0.114562944
2006.000000,0.114413574
2007.000000,0.114264451
2008.000000,0.114115573
2009.000000,0.113966949
2010.000000,0.113818564
2011.000000,0.113670424
2012.000000,0.113522530
2013.000000,0.113374874
2014.000000,0.113227464
2015.000000,0.113080293
2016.000000,0.112933360
2017.000000,0.112786673
2018.000000,0.112640217
2019.000000,0.112493999
2020.000000,0.112348020
2021.000000,0.112202279
2022.000000,0.112056769
2023.000000,0.111911498
2024.000000,0.111766458
2025.000000,0.111621648
2026.000000,0.111477070
2027.000000,0.111332729
2028.000000,0.111188613
2029.000000,0.111044735
2030.000000,0.110901080
2031.000000,0.110757656
2032.000000,0.110614456
2033.000000,0.110471487
2034.000000,0.110328741
2035.000000,0.110186219
2036.000000,0.110043928
2037.000000,0.109901853
2038.000000,0.109760009
2039.000000,0.109618388
2040.000000,0.109476984
2041.000000,0.109335802
2042.000000,0.109194838
2043.000000,0.109054103
2044.000000,0.108913578
2045.000000,0.108773276
2046.000000,0.108633190
2047.000000,0.108493321
2048.000000,0.108353674
2049.000000,0.108214237
2050.000000,0.108075015
2051.000000,0.107936010
2052.000000,0.107797220
2053.000000,0.107658640
2054.000000,0.107520275
2055.000000,0.107382126
2056.000000,0.107244179
2057.000000,0.107106447
2058.000000,0.106968924
2059.000000,0.106831618
2060.000000,0.106694512
2061.000000,0.106557615
2062.000000,0.106420934
2063.000000,0.106284454
2064.000000,0.106148176
2065.000000,0.106012113
2066.000000,0.105876252
2067.000000,0.105740592
2068.000000,0.105605140
2069.000000,0.105469890
2070.000000,0.105334841
2071.000000,0.105200000
2072.000000,0.105065353
2073.000000,0.104930915
2074.000000,0.104796670
2075.000000,0.104662634
2076.000000,0.104528792
2077.000000,0.104395151
2078.000000,0.104261704
2079.000000,0.104128458
2080.000000,0.103995413
2081.000000,0.103862561
2082.000000,0.103729904
2083.000000,0.103597440
2084.000000,0.103465177
2085.000000,0.103333108
2086.000000,0.103201233
2087.000000,0.103069551
2088.000000,0.102938063
2089.000000,0.102806769
2090.000000,0.102675661
2091.000000,0.102544747
2092.000000,0.102414027
2093.000000,0.102283500
2094.000000,0.102153160
2095.000000,0.102023005
2096.000000,0.101893045
2097.000000,0.101763271
2098.000000,0.101633683
2099.000000,0.101504289
2100.000000,0.101375073
2101.000000,0.101246051
2102.000000,0.101117209
2103.000000,0.100988559
2104.000000,0.100860089
2105.000000,0.100731812
2106.000000,0.100603715
2107.000000,0.100475796
2108.000000,0.100348063
2109.000000,0.100220516
2110.000000,0.100093149
2111.000000,0.099965967
2112.000000,0.099838965
2113.000000,0.099712148
2114.000000,0.099585503
2115.000000,0.099459045
2116.000000,0.099332765
2117.000000,0.099206664
2118.000000,0.099080741
2119.000000,0.098954998
2120.000000,0.098829426
2121.000000,0.098704040
2122.000000,0.098578826
2123.000000,0.098453797
2124.000000,0.098328933
2125.000000,0.098204255
2126.000000,0.098079748
2127.000000,0.097955413
2128.000000,0.097831257
2129.000000,0.097707272
2130.000000,0.097583465
2131.000000,0.097459830
2132.000000,0.097336367
2133.000000,0.097213075
2134.000000,0.097089954
2135.000000,0.096967012
2136.000000,0.096844234
2137.000000,0.096721634
2138.000000,0.096599199
2139.000000,0.096476935
2140.000000,0.096354842
2141.000000,0.096232921
2142.000000,0.096111163
2143.000000,0.095989577
2144.000000,0.095868163
2145.000000,0.095746912
2146.000000,0.095625833
2147.000000,0.095504917
2148.000000,0.095384166
2149.000000,0.095263585
2150.000000,0.095143169
2151.000000,0.095022924
2152.000000,0.094902836
2153.000000,0.094782919
2154.000000,0.094663166
2155.000000,0.094543576
2156.000000,0.094424143
2157.000000,0.094304882
2158.000000,0.094185784
2159.000000,0.094066851
2160.000000,0.093948074
2161.000000,0.093829460
2162.000000,0.093711011
2163.000000,0.093592726
2164.000000,0.093474597
2165.000000,0.093356632
2166.000000,0.093238823
2167.000000,0.093121178
2168.000000,0.093003690
2169.000000,0.092886366
2170.000000,0.092769198
2171.000000,0.092652194
2172.000000,0.092535339
2173.000000,0.092418648
2174.000000,0.092302114
2175.000000,0.092185736
2176.000000,0.092069522
2177.000000,0.091953456
2178.000000,0.091837555
2179.000000,0.091721803
2180.000000,0.091606207
2181.000000,0.091490775
2182.000000,0.091375493
2183.000000,0.091260359
2184.000000,0.091145389
2185.000000,0.091030568
2186.000000,0.090915911
2187.000000,0.090801395
2188.000000,0.090687037
2189.000000,0.090572834
2190.000000,0.090458788
2191.000000,0.090344891
2192.000000,0.090231143
2193.000000,0.090117551
2194.000000,0.090004109
2195.000000,0.089890815
2196.000000,0.089777678
2197.000000,0.089664690
2198.000000,0.089551851
2199.000000,0.089439161
2200.000000,0.089326620
2201.000000,0.089214236
2202.000000,0.089101993
2203.000000,0.088989906
2204.000000,0.088877968
2205.000000,0.088766173
2206.000000,0.088654526
2207.000000,0.088543035
2208.000000,0.088431686
2209.000000,0.088320486
2210.000000,0.088209428
2211.000000,0.088098526
2212.000000,0.087987766
2213.000000,0.087877147
2214.000000,0.087766685
2215.000000,0.087656364
2216.000000,0.087546185
2217.000000,0.087436154
2218.000000,0.087326266
2219.000000,0.087216526
2220.000000,0.087106928
2221.000000,0.086997479
2222.000000,0.086888172
2223.000000,0.086779006
2224.000000,0.086669989
2225.000000,0.086561106
2226.000000,0.086452372
2227.000000,0.086343780
2228.000000,0.086235330
2229.000000,0.086127020
2230.000000,0.086018860
2231.000000,0.085910834
2232.000000,0.085802950
2233.000000,0.085695215
2234.000000,0.085587613
2235.000000,0.085480154
2236.000000,0.085372835
2237.000000,0.085265659
2238.000000,0.085158616
2239.000000,0.085051715
2240.000000,0.084944963
2241.000000,0.084838338
2242.000000,0.084731862
2243.000000,0.084625520
2244.000000,0.084519312
2245.000000,0.084413245
2246.000000,0.084307320
2247.000000,0.084201530
2248.000000,0.084095880
2249.000000,0.083990365
2250.000000,0.083884992
2251.000000,0.083779752
2252.000000,0.083674647
2253.000000,0.083569683
2254.000000,0.083464846
2255.000000,0.083360158
2256.000000,0.083255596
2257.000000,0.083151177
2258.000000,0.083046883
2259.000000,0.082942732
2260.000000,0.082838714
2261.000000,0.082734831
2262.000000,0.082631081
2263.000000,0.082527466
2264.000000,0.082423992
2265.000000,0.082320645
2266.000000,0.082217433
2267.000000,0.082114354
2268.000000,0.082011402
2269.000000,0.081908591
2270.000000,0.081805907
2271.000000,0.081703365
2272.000000,0.081600949
2273.000000,0.081498660
2274.000000,0.081396513
2275.000000,0.081294492
2276.000000,0.081192598
2277.000000,0.081090845
2278.000000,0.080989219
2279.000000,0.080887720
2280.000000,0.080786355
2281.000000,0.080685124
2282.000000,0.080584019
2283.000000,0.080483042
2284.000000,0.080382198
2285.000000,0.080281481
2286.000000,0.080180898
2287.000000,0.080080442
2288.000000,0.079980113
2289.000000,0.079879917
2290.000000,0.079779848
2291.000000,0.079679906
2292.000000,0.079580091
2293.000000,0.079480402
2294.000000,0.079380848
2295.000000,0.079281420
2296.000000,0.079182118
2297.000000,0.079082943
2298.000000,0.078983888
2299.000000,0.078884967
2300.000000,0.078786172
2301.000000,0.078687504
2302.000000,0.078588963
2303.000000,0.078490548
2304.000000,0.078392260
2305.000000,0.078294091
2306.000000,0.078196056
2307.000000,0.078098141
2308.000000,0.078000352
2309.000000,0.077902690
2310.000000,0.077805147
2311.000000,0.077707738
2312.000000,0.077610448
2313.000000,0.077513278
2314.000000,0.077416234
2315.000000,0.077319317
2316.000000,0.077222526
2317.000000,0.077125855
2318.000000,0.077029303
2319.000000,0.076932877
2320.000000,0.076836579
2321.000000,0.076740399
2322.000000,0.076644339
2323.000000,0.076548405
2324.000000,0.076452598
2325.000000,0.076356903
2326.000000,0.076261334
2327.000000,0.076165892
2328.000000,0.076070562
2329.000000,0.075975358
2330.000000,0.075880274
2331.000000,0.075785317
2332.000000,0.075690471
2333.000000,0.075595751
2334.000000,0.075501151
2335.000000,0.075406671
2336.000000,0.075312309
2337.000000,0.075218074
2338.000000,0.075123951
2339.000000,0.075029947
2340.000000,0.074936070
2341.000000,0.074842304
2342.000000,0.074748658
2343.000000,0.074655138
2344.000000,0.074561730
2345.000000,0.074468441
2346.000000,0.074375272
2347.000000,0.074282221
2348.000000,0.074189290
2349.000000,0.074096471
2350.000000,0.074003778
2351.000000,0.073911197
2352.000000,0.073818728
2353.000000,0.073726386
2354.000000,0.073634155
2355.000000,0.073542044
2356.000000,0.073450051
2357.000000,0.073358171
2358.000000,0.073266409
2359.000000,0.073174760
2360.000000,0.073083229
2361.000000,0.072991818
2362.000000,0.072900519
2363.000000,0.072809339
2364.000000,0.072718270
2365.000000,0.072627313
2366.000000,0.072536476
2367.000000,0.072445758
2368.000000,0.072355144
2369.000000,0.072264656
2370.000000,0.072174273
2371.000000,0.072084010
2372.000000,0.071993858
2373.000000,0.071903817
2374.000000,0.071813896
2375.000000,0.071724087
2376.000000,0.071634389
2377.000000,0.071544811
2378.000000,0.071455337
2379.000000,0.071365982
2380.000000,0.071276739
2381.000000,0.071187608
2382.000000,0.071098588
2383.000000,0.071009681
2384.000000,0.070920885
2385.000000,0.070832208
2386.000000,0.070743635
2387.000000,0.070655175
2388.000000,0.070566826
2389.000000,0.070478596
2390.000000,0.070390470
2391.000000,0.070302457
2392.000000,0.070214555
2393.000000,0.070126764
2394.000000,0.070039079
2395.000000,0.069951512
2396.000000,0.069864050
2397.000000,0.069776699
2398.000000,0.069689460
2399.000000,0.069602333
2400.000000,0.069515310
2401.000000,0.069428399
2402.000000,0.069341600
2403.000000,0.069254912
2404.000000,0.069168329
2405.000000,0.069081850
2406.000000,0.068995491
2407.000000,0.068909235
2408.000000,0.068823084
2409.000000,0.068737045
2410.000000,0.068651117
2411.000000,0.068565294
2412.000000,0.068479583
2413.000000,0.068393975
2414.000000,0.068308480
2415.000000,0.068223089
2416.000000,0.068137802
2417.000000,0.068052627
2418.000000,0.067967556
2419.000000,0.067882597
2420.000000,0.067797743
2421.000000,0.067712992
2422.000000,0.067628354
2423.000000,0.067543812
2424.000000,0.067459382
2425.000000,0.067375064
2426.000000,0.067290843
2427.000000,0.067206733
2428.000000,0.067122728
2429.000000,0.067038827
2430.000000,0.066955037
2431.000000,0.066871345
2432.000000,0.066787764
2433.000000,0.066704281
2434.000000,0.066620909
2435.000000,0.066537641
2436.000000,0.066454478
2437.000000,0.066371419
2438.000000,0.066288464
2439.000000,0.066205606
2440.000000,0.066122860
2441.000000,0.066040218
2442.000000,0.065957680
2443.000000,0.065875240
2444.000000,0.065792911
2445.000000,0.065710679
2446.000000,0.065628551
2447.000000,0.065546528
2448.000000,0.065464608
2449.000000,0.065382794
2450.000000,0.065301083
2451.000000,0.065219469
2452.000000,0.065137960
2453.000000,0.065056555
2454.000000,0.064975247
2455.000000,0.064894043
2456.000000,0.064812943
2457.000000,0.064731941
2458.000000,0.064651050
2459.000000,0.064570248
2460.000000,0.064489558
2461.000000,0.064408965
2462.000000,0.064328469
2463.000000,0.064248078
2464.000000,0.064167790
2465.000000,0.064087600
2466.000000,0.064007506
2467.000000,0.063927524
2468.000000,0.063847631
2469.000000,0.063767843
2470.000000,0.063688159
2471.000000,0.063608564
2472.000000,0.063529082
2473.000000,0.063449688
2474.000000,0.063370399
2475.000000,0.063291214
2476.000000,0.063212119
2477.000000,0.063133128
2478.000000,0.063054234
2479.000000,0.062975444
2480.000000,0.062896751
2481.000000,0.062818155
2482.000000,0.062739655
2483.000000,0.062661253
2484.000000,0.062582955
2485.000000,0.062504753
2486.000000,0.062426645
2487.000000,0.062348641
2488.000000,0.062270731
2489.000000,0.062192921
2490.000000,0.062115204
2491.000000,0.062037587
2492.000000,0.061960068
2493.000000,0.061882645
2494.000000,0.061805323
2495.000000,0.061728094
2496.000000,0.061650962
2497.000000,0.061573926
2498.000000,0.061496988
2499.000000,0.061420146
2500.000000,0.061343398
